:START_ID(Field),:END_ID(Table),:TYPE
DAE041,ae0c,BELONGS_TO
AAC001,ae0c,BELONGS_TO
AAC001,rycc001_info_01,BELONGS_TO
AAC001,rycc003_info_01,BELONGS_TO
AAC001,rycc004_info_01,BELONGS_TO
AAC001,ryib001_info_01,BELONGS_TO
AAC001,ryic001_info_01,BELONGS_TO
AAC001,ryic002_info_01,BELONGS_TO
AAC001,ryic003_info_01,BELONGS_TO
AAC001,ryjb001_info_01,BELONGS_TO
AAC001,ryjc001_info_01,BELONGS_TO
AAC001,rykc004_info_01,BELONGS_TO
AAC001,rykc005_info_01,BELONGS_TO
AAC001,rykc006_info_01,BELONGS_TO
AAC001,rykc006_info_02,BELONGS_TO
AAC001,ryko003_info_01,BELONGS_TO
AAC001,rylb003_info_02,BELONGS_TO
AAC001,rylc001_info_01,BELONGS_TO
AAC001,rylc002_info_01,BELONGS_TO
AAC001,rylc003_info_01,BELONGS_TO
AAC001,rylc004_info_01,BELONGS_TO
AAC001,rylc005_info_01,BELONGS_TO
AAC001,rylc006_info_01,BELONGS_TO
AAC001,rymc001_info_01,BELONGS_TO
AAC001,rymc002_info_01,BELONGS_TO
AAC001,rymc003_info_01,BELONGS_TO
AAC001,rymc004_info_01,BELONGS_TO
AAC001,rytc001_info_01,BELONGS_TO
AAC001,rytc002_info_01,BELONGS_TO
AAC001,rytc003_info_01,BELONGS_TO
AAB001,ae0c,BELONGS_TO
AAB001,rybb001_info_01,BELONGS_TO
AAB001,rybb002_info_01,BELONGS_TO
AAB001,rybb003_info_01,BELONGS_TO
AAB001,rybb004_info_01,BELONGS_TO
AAB001,rybb005_info_01,BELONGS_TO
AAB001,rycc001_info_01,BELONGS_TO
AAB001,rycc003_info_01,BELONGS_TO
AAB001,ryib001_info_01,BELONGS_TO
AAB001,ryic001_info_01,BELONGS_TO
AAB001,ryjb001_info_01,BELONGS_TO
AAB001,rykc005_info_01,BELONGS_TO
AAB001,rylb001_info_01,BELONGS_TO
AAB001,rylb002_info_01,BELONGS_TO
AAB001,rylb003_info_02,BELONGS_TO
AAB001,rylb004_info_01,BELONGS_TO
AAB001,rylb005_info_01,BELONGS_TO
AAB001,rylc002_info_01,BELONGS_TO
AAB001,rylc003_info_01,BELONGS_TO
AAB001,rylc004_info_01,BELONGS_TO
AAB001,rylc005_info_01,BELONGS_TO
AAB001,rylc006_info_01,BELONGS_TO
AAB001,rymc001_info_01,BELONGS_TO
AAB001,rymc002_info_01,BELONGS_TO
AAB001,rymc003_info_01,BELONGS_TO
AAB001,rytc003_info_01,BELONGS_TO
AAB001,yb71,BELONGS_TO
AAB001,yc76,BELONGS_TO
AAB073,ae0c,BELONGS_TO
AAB073,rybb001_info_01,BELONGS_TO
AAB073,rybb002_info_01,BELONGS_TO
AAB073,rybb003_info_01,BELONGS_TO
AAB073,rybb004_info_01,BELONGS_TO
AAB073,rybb005_info_01,BELONGS_TO
AAB073,rycc001_info_01,BELONGS_TO
AAB073,rycc003_info_01,BELONGS_TO
AAB073,ryib001_info_01,BELONGS_TO
AAB073,ryic001_info_01,BELONGS_TO
AAB073,ryjb001_info_01,BELONGS_TO
AAB073,ryko001_info_01,BELONGS_TO
AAB073,rylb001_info_01,BELONGS_TO
AAB073,rylb002_info_01,BELONGS_TO
AAB073,rylb003_info_02,BELONGS_TO
AAB073,rylb004_info_01,BELONGS_TO
AAB073,rylb005_info_01,BELONGS_TO
AAB073,rylc002_info_01,BELONGS_TO
AAB073,rylc004_info_01,BELONGS_TO
AAB073,rylc005_info_01,BELONGS_TO
AAB073,rylc006_info_01,BELONGS_TO
AAB073,rymc001_info_01,BELONGS_TO
AAB073,rymc003_info_01,BELONGS_TO
AAB073,rymc004_info_01,BELONGS_TO
AAB073,rytc003_info_01,BELONGS_TO
AAB073,yc76,BELONGS_TO
DAE046,ae0c,BELONGS_TO
DAE046,rykc004_info_01,BELONGS_TO
DAE046,ryko001_info_01,BELONGS_TO
DAE046,rylc002_info_01,BELONGS_TO
DAE046,rylc005_info_01,BELONGS_TO
DAD001,ae0c,BELONGS_TO
AAE002,ae0c,BELONGS_TO
AAE019,ae0c,BELONGS_TO
AAE019,ryic002_info_01,BELONGS_TO
AAE019,ryic003_info_01,BELONGS_TO
AAE019,rytc002_info_01,BELONGS_TO
DAE083,ae0c,BELONGS_TO
DAE048,ae0c,BELONGS_TO
DAE049,ae0c,BELONGS_TO
DAE102,ae0c,BELONGS_TO
DAE103,ae0c,BELONGS_TO
DAD012,ae0c,BELONGS_TO
DAE075,ae0c,BELONGS_TO
AAE036,ae0c,BELONGS_TO
AAE036,ym37,BELONGS_TO
DAE076,ae0c,BELONGS_TO
DAE077,ae0c,BELONGS_TO
DAE078,ae0c,BELONGS_TO
DAE079,ae0c,BELONGS_TO
DAE080,ae0c,BELONGS_TO
DAE081,ae0c,BELONGS_TO
SYEAR,i_yi01,BELONGS_TO
SYEAR,i_yi02,BELONGS_TO
SYEAR,k_yi01,BELONGS_TO
SYEAR,k_yi02,BELONGS_TO
SYEAR,k_yi02_par,BELONGS_TO
SYEAR,k_yi03,BELONGS_TO
SYEAR,k_yi04,BELONGS_TO
SYEAR,k_yi05,BELONGS_TO
SYEAR,k_yi06,BELONGS_TO
SYEAR,k_yi07,BELONGS_TO
SYEAR,k_yi08,BELONGS_TO
SYEAR,yb01,BELONGS_TO
SYEAR,yb02,BELONGS_TO
SYEAR,yb03,BELONGS_TO
SYEAR,yb04,BELONGS_TO
SYEAR,yb05,BELONGS_TO
SYEAR,yb06,BELONGS_TO
SYEAR,yb07,BELONGS_TO
SYEAR,yb09,BELONGS_TO
SYEAR,yb10,BELONGS_TO
SYEAR,yb11,BELONGS_TO
SYEAR,yb12,BELONGS_TO
SYEAR,yb13,BELONGS_TO
SYEAR,yb14,BELONGS_TO
SYEAR,yb15,BELONGS_TO
SYEAR,yb16,BELONGS_TO
SYEAR,yb17,BELONGS_TO
SYEAR,yb18,BELONGS_TO
SYEAR,yb21,BELONGS_TO
SYEAR,yb22,BELONGS_TO
SYEAR,yb23,BELONGS_TO
SYEAR,yb24,BELONGS_TO
SYEAR,yb25,BELONGS_TO
SYEAR,yb26,BELONGS_TO
SYEAR,yb27,BELONGS_TO
SYEAR,yb28,BELONGS_TO
SYEAR,yb29,BELONGS_TO
SYEAR,yb30,BELONGS_TO
SYEAR,yb31,BELONGS_TO
SYEAR,yb32,BELONGS_TO
SYEAR,yb33,BELONGS_TO
SYEAR,yb34,BELONGS_TO
SYEAR,yb35,BELONGS_TO
SYEAR,yb38,BELONGS_TO
SYEAR,yb39,BELONGS_TO
SYEAR,yb40,BELONGS_TO
SYEAR,yb41,BELONGS_TO
SYEAR,yb42,BELONGS_TO
SYEAR,yb43,BELONGS_TO
SYEAR,yb44,BELONGS_TO
SYEAR,yb45,BELONGS_TO
SYEAR,yb46,BELONGS_TO
SYEAR,yb47,BELONGS_TO
SYEAR,yb48,BELONGS_TO
SYEAR,yb49,BELONGS_TO
SYEAR,yb50,BELONGS_TO
SYEAR,yb51,BELONGS_TO
SYEAR,yb52,BELONGS_TO
SYEAR,yb53,BELONGS_TO
SYEAR,yb54,BELONGS_TO
SYEAR,yb55,BELONGS_TO
SYEAR,yb56,BELONGS_TO
SYEAR,yb57,BELONGS_TO
SYEAR,yb58,BELONGS_TO
SYEAR,yb59,BELONGS_TO
SYEAR,yb60,BELONGS_TO
SYEAR,yb61,BELONGS_TO
SYEAR,yb64,BELONGS_TO
SYEAR,yb65,BELONGS_TO
SYEAR,yb66,BELONGS_TO
SYEAR,yb67,BELONGS_TO
SYEAR,yb68,BELONGS_TO
SYEAR,yb69,BELONGS_TO
SYEAR,yb70,BELONGS_TO
SYEAR,yb71,BELONGS_TO
SYEAR,yb80,BELONGS_TO
SYEAR,yc05,BELONGS_TO
SYEAR,yc06,BELONGS_TO
SYEAR,yc07,BELONGS_TO
SYEAR,yc08,BELONGS_TO
SYEAR,yc09,BELONGS_TO
SYEAR,yc10,BELONGS_TO
SYEAR,yc11,BELONGS_TO
SYEAR,yc12,BELONGS_TO
SYEAR,yc13,BELONGS_TO
SYEAR,yc14,BELONGS_TO
SYEAR,yc15,BELONGS_TO
SYEAR,yc16,BELONGS_TO
SYEAR,yc17,BELONGS_TO
SYEAR,yc18,BELONGS_TO
SYEAR,yc19,BELONGS_TO
SYEAR,yc21,BELONGS_TO
SYEAR,yc22,BELONGS_TO
SYEAR,yc23,BELONGS_TO
SYEAR,yc24,BELONGS_TO
SYEAR,yc25,BELONGS_TO
SYEAR,yc26,BELONGS_TO
SYEAR,yc27,BELONGS_TO
SYEAR,yc28,BELONGS_TO
SYEAR,yc29,BELONGS_TO
SYEAR,yc30,BELONGS_TO
SYEAR,yc31,BELONGS_TO
SYEAR,yc32,BELONGS_TO
SYEAR,yc33,BELONGS_TO
SYEAR,yc34,BELONGS_TO
SYEAR,yc35,BELONGS_TO
SYEAR,yc36,BELONGS_TO
SYEAR,yc37,BELONGS_TO
SYEAR,yc38,BELONGS_TO
SYEAR,yc39,BELONGS_TO
SYEAR,yc40,BELONGS_TO
SYEAR,yc41,BELONGS_TO
SYEAR,yc42,BELONGS_TO
SYEAR,yc43,BELONGS_TO
SYEAR,yc44,BELONGS_TO
SYEAR,yc45,BELONGS_TO
SYEAR,yc46,BELONGS_TO
SYEAR,yc76,BELONGS_TO
SYEAR,yd001,BELONGS_TO
SYEAR,yd002,BELONGS_TO
SYEAR,yf01,BELONGS_TO
SYEAR,yf02,BELONGS_TO
SYEAR,yf03,BELONGS_TO
SYEAR,yfd01,BELONGS_TO
SYEAR,yfd02,BELONGS_TO
SYEAR,yfd03,BELONGS_TO
SYEAR,yfd04,BELONGS_TO
SYEAR,yfd05,BELONGS_TO
SYEAR,yfd06,BELONGS_TO
SYEAR,yfd07,BELONGS_TO
SYEAR,yfd10,BELONGS_TO
SYEAR,yfd11,BELONGS_TO
SYEAR,yi01,BELONGS_TO
SYEAR,yi02,BELONGS_TO
SYEAR,yi03,BELONGS_TO
SYEAR,yi04,BELONGS_TO
SYEAR,yi05,BELONGS_TO
SYEAR,yi06,BELONGS_TO
SYEAR,yi07,BELONGS_TO
SYEAR,ym01,BELONGS_TO
SYEAR,ym02,BELONGS_TO
SYEAR,ym04,BELONGS_TO
SYEAR,ym05,BELONGS_TO
SYEAR,ym06,BELONGS_TO
SYEAR,ym07,BELONGS_TO
SYEAR,ym08,BELONGS_TO
SYEAR,ym09,BELONGS_TO
SYEAR,ym10,BELONGS_TO
SYEAR,ym11,BELONGS_TO
SYEAR,ym12,BELONGS_TO
SYEAR,ym13,BELONGS_TO
SYEAR,ym14,BELONGS_TO
SYEAR,ym15,BELONGS_TO
SYEAR,ym16,BELONGS_TO
SYEAR,ym17,BELONGS_TO
SYEAR,ym18,BELONGS_TO
SYEAR,ym19,BELONGS_TO
SYEAR,ym20,BELONGS_TO
SYEAR,ym21,BELONGS_TO
SYEAR,ym22,BELONGS_TO
SYEAR,ym23,BELONGS_TO
SYEAR,ym24,BELONGS_TO
SYEAR,ym25,BELONGS_TO
SYEAR,ym26,BELONGS_TO
SYEAR,ym27,BELONGS_TO
SYEAR,ym28,BELONGS_TO
SYEAR,ym29,BELONGS_TO
SYEAR,ym30,BELONGS_TO
SYEAR,ym31,BELONGS_TO
SYEAR,ym32,BELONGS_TO
SYEAR,ym33,BELONGS_TO
SYEAR,ym34,BELONGS_TO
SYEAR,ym35,BELONGS_TO
SYEAR,ym36,BELONGS_TO
SYEAR,ym37,BELONGS_TO
SYEAR,ym38,BELONGS_TO
SYEAR,ym39,BELONGS_TO
SYEAR,ym40,BELONGS_TO
SYEAR,ym41,BELONGS_TO
SYEAR,ym42,BELONGS_TO
SYEAR,ym43,BELONGS_TO
SYEAR,ym44,BELONGS_TO
SYEAR,ym45,BELONGS_TO
SYEAR,ym46,BELONGS_TO
SYEAR,ym47,BELONGS_TO
SYEAR,ym48,BELONGS_TO
SYEAR,ym49,BELONGS_TO
SYEAR,ym50,BELONGS_TO
SYEAR,ym51,BELONGS_TO
SYEAR,ym52,BELONGS_TO
SYEAR,ym53,BELONGS_TO
SYEAR,ym54,BELONGS_TO
SYEAR,ym55,BELONGS_TO
SYEAR,ym56,BELONGS_TO
SYEAR,ym57,BELONGS_TO
SYEAR,ym58,BELONGS_TO
SYEAR,ym59,BELONGS_TO
SYEAR,ym60,BELONGS_TO
SYEAR,ym61,BELONGS_TO
SYEAR,ym62,BELONGS_TO
SYEAR,ym63,BELONGS_TO
SYEAR,ym64,BELONGS_TO
SYEAR,ym65,BELONGS_TO
SYEAR,ym66,BELONGS_TO
SYEAR,ym67,BELONGS_TO
SYEAR,ym68,BELONGS_TO
SYEAR,ym69,BELONGS_TO
SYEAR,ym70,BELONGS_TO
SYEAR,ym71,BELONGS_TO
SYEAR,ym73,BELONGS_TO
SYEAR,ym75,BELONGS_TO
SYEAR,ym76,BELONGS_TO
SYEAR,ym77,BELONGS_TO
SYEAR,ym78,BELONGS_TO
SYEAR,ym79,BELONGS_TO
SYEAR,ym80,BELONGS_TO
SYEAR,ym81,BELONGS_TO
SYEAR,ym82,BELONGS_TO
SYEAR,ym83,BELONGS_TO
SYEAR,ym84,BELONGS_TO
SYEAR,ym85,BELONGS_TO
SYEAR,ym86,BELONGS_TO
SYEAR,ym87,BELONGS_TO
SYEAR,ym88,BELONGS_TO
SYEAR,ymd01,BELONGS_TO
SYEAR,yr01,BELONGS_TO
SYEAR,yr02,BELONGS_TO
SYEAR,yr03,BELONGS_TO
SYEAR,yr04,BELONGS_TO
SYEAR,yr05,BELONGS_TO
SYEAR,yr06,BELONGS_TO
SYEAR,yr07,BELONGS_TO
SYEAR,yr08,BELONGS_TO
SYEAR,yr09,BELONGS_TO
SYEAR,yr10,BELONGS_TO
SYEAR,yr11,BELONGS_TO
SYEAR,yr12,BELONGS_TO
SYEAR,yr13,BELONGS_TO
SYEAR,yr14,BELONGS_TO
SYEAR,yr15,BELONGS_TO
SYEAR,yr16,BELONGS_TO
SYEAR,yr17,BELONGS_TO
SYEAR,yr18,BELONGS_TO
SYEAR,yr19,BELONGS_TO
SYEAR,yr20,BELONGS_TO
SYEAR,yr21,BELONGS_TO
SYEAR,yr22,BELONGS_TO
SYEAR,yr23,BELONGS_TO
SYEAR,yr24,BELONGS_TO
SYEAR,yr25,BELONGS_TO
SYEAR,yr26,BELONGS_TO
SYEAR,yr27,BELONGS_TO
SYEAR,yr28,BELONGS_TO
SYEAR,yr29,BELONGS_TO
SYEAR,yr30,BELONGS_TO
SYEAR,yr31,BELONGS_TO
SYEAR,yr32,BELONGS_TO
SYEAR,yr33,BELONGS_TO
SYEAR,yr34,BELONGS_TO
SYEAR,yr35,BELONGS_TO
SYEAR,yr36,BELONGS_TO
SYEAR,yr37,BELONGS_TO
SYEAR,yr38,BELONGS_TO
SYEAR,yr39,BELONGS_TO
SQUARTER,i_yi01,BELONGS_TO
SQUARTER,i_yi02,BELONGS_TO
SQUARTER,k_yi01,BELONGS_TO
SQUARTER,k_yi02,BELONGS_TO
SQUARTER,k_yi02_par,BELONGS_TO
SQUARTER,k_yi03,BELONGS_TO
SQUARTER,k_yi04,BELONGS_TO
SQUARTER,k_yi05,BELONGS_TO
SQUARTER,k_yi06,BELONGS_TO
SQUARTER,k_yi07,BELONGS_TO
SQUARTER,k_yi08,BELONGS_TO
SQUARTER,yb01,BELONGS_TO
SQUARTER,yb02,BELONGS_TO
SQUARTER,yb03,BELONGS_TO
SQUARTER,yb04,BELONGS_TO
SQUARTER,yb05,BELONGS_TO
SQUARTER,yb06,BELONGS_TO
SQUARTER,yb07,BELONGS_TO
SQUARTER,yb09,BELONGS_TO
SQUARTER,yb10,BELONGS_TO
SQUARTER,yb11,BELONGS_TO
SQUARTER,yb12,BELONGS_TO
SQUARTER,yb13,BELONGS_TO
SQUARTER,yb14,BELONGS_TO
SQUARTER,yb15,BELONGS_TO
SQUARTER,yb16,BELONGS_TO
SQUARTER,yb17,BELONGS_TO
SQUARTER,yb18,BELONGS_TO
SQUARTER,yb21,BELONGS_TO
SQUARTER,yb22,BELONGS_TO
SQUARTER,yb23,BELONGS_TO
SQUARTER,yb24,BELONGS_TO
SQUARTER,yb25,BELONGS_TO
SQUARTER,yb26,BELONGS_TO
SQUARTER,yb27,BELONGS_TO
SQUARTER,yb28,BELONGS_TO
SQUARTER,yb29,BELONGS_TO
SQUARTER,yb30,BELONGS_TO
SQUARTER,yb31,BELONGS_TO
SQUARTER,yb32,BELONGS_TO
SQUARTER,yb33,BELONGS_TO
SQUARTER,yb34,BELONGS_TO
SQUARTER,yb35,BELONGS_TO
SQUARTER,yb38,BELONGS_TO
SQUARTER,yb39,BELONGS_TO
SQUARTER,yb40,BELONGS_TO
SQUARTER,yb41,BELONGS_TO
SQUARTER,yb42,BELONGS_TO
SQUARTER,yb43,BELONGS_TO
SQUARTER,yb44,BELONGS_TO
SQUARTER,yb45,BELONGS_TO
SQUARTER,yb46,BELONGS_TO
SQUARTER,yb47,BELONGS_TO
SQUARTER,yb48,BELONGS_TO
SQUARTER,yb49,BELONGS_TO
SQUARTER,yb50,BELONGS_TO
SQUARTER,yb51,BELONGS_TO
SQUARTER,yb52,BELONGS_TO
SQUARTER,yb53,BELONGS_TO
SQUARTER,yb54,BELONGS_TO
SQUARTER,yb55,BELONGS_TO
SQUARTER,yb56,BELONGS_TO
SQUARTER,yb57,BELONGS_TO
SQUARTER,yb58,BELONGS_TO
SQUARTER,yb59,BELONGS_TO
SQUARTER,yb60,BELONGS_TO
SQUARTER,yb61,BELONGS_TO
SQUARTER,yb64,BELONGS_TO
SQUARTER,yb65,BELONGS_TO
SQUARTER,yb66,BELONGS_TO
SQUARTER,yb67,BELONGS_TO
SQUARTER,yb68,BELONGS_TO
SQUARTER,yb69,BELONGS_TO
SQUARTER,yb70,BELONGS_TO
SQUARTER,yb71,BELONGS_TO
SQUARTER,yb80,BELONGS_TO
SQUARTER,yc05,BELONGS_TO
SQUARTER,yc06,BELONGS_TO
SQUARTER,yc07,BELONGS_TO
SQUARTER,yc08,BELONGS_TO
SQUARTER,yc09,BELONGS_TO
SQUARTER,yc10,BELONGS_TO
SQUARTER,yc11,BELONGS_TO
SQUARTER,yc12,BELONGS_TO
SQUARTER,yc13,BELONGS_TO
SQUARTER,yc14,BELONGS_TO
SQUARTER,yc15,BELONGS_TO
SQUARTER,yc16,BELONGS_TO
SQUARTER,yc17,BELONGS_TO
SQUARTER,yc18,BELONGS_TO
SQUARTER,yc19,BELONGS_TO
SQUARTER,yc21,BELONGS_TO
SQUARTER,yc22,BELONGS_TO
SQUARTER,yc23,BELONGS_TO
SQUARTER,yc24,BELONGS_TO
SQUARTER,yc25,BELONGS_TO
SQUARTER,yc26,BELONGS_TO
SQUARTER,yc27,BELONGS_TO
SQUARTER,yc28,BELONGS_TO
SQUARTER,yc29,BELONGS_TO
SQUARTER,yc30,BELONGS_TO
SQUARTER,yc31,BELONGS_TO
SQUARTER,yc32,BELONGS_TO
SQUARTER,yc33,BELONGS_TO
SQUARTER,yc34,BELONGS_TO
SQUARTER,yc35,BELONGS_TO
SQUARTER,yc36,BELONGS_TO
SQUARTER,yc37,BELONGS_TO
SQUARTER,yc38,BELONGS_TO
SQUARTER,yc39,BELONGS_TO
SQUARTER,yc40,BELONGS_TO
SQUARTER,yc41,BELONGS_TO
SQUARTER,yc42,BELONGS_TO
SQUARTER,yc43,BELONGS_TO
SQUARTER,yc44,BELONGS_TO
SQUARTER,yc45,BELONGS_TO
SQUARTER,yc46,BELONGS_TO
SQUARTER,yc76,BELONGS_TO
SQUARTER,yd001,BELONGS_TO
SQUARTER,yd002,BELONGS_TO
SQUARTER,yf01,BELONGS_TO
SQUARTER,yf02,BELONGS_TO
SQUARTER,yf03,BELONGS_TO
SQUARTER,yfd01,BELONGS_TO
SQUARTER,yfd02,BELONGS_TO
SQUARTER,yfd03,BELONGS_TO
SQUARTER,yfd04,BELONGS_TO
SQUARTER,yfd05,BELONGS_TO
SQUARTER,yfd06,BELONGS_TO
SQUARTER,yfd07,BELONGS_TO
SQUARTER,yfd10,BELONGS_TO
SQUARTER,yfd11,BELONGS_TO
SQUARTER,yi01,BELONGS_TO
SQUARTER,yi02,BELONGS_TO
SQUARTER,yi03,BELONGS_TO
SQUARTER,yi04,BELONGS_TO
SQUARTER,yi05,BELONGS_TO
SQUARTER,yi06,BELONGS_TO
SQUARTER,yi07,BELONGS_TO
SQUARTER,ym01,BELONGS_TO
SQUARTER,ym02,BELONGS_TO
SQUARTER,ym04,BELONGS_TO
SQUARTER,ym05,BELONGS_TO
SQUARTER,ym06,BELONGS_TO
SQUARTER,ym07,BELONGS_TO
SQUARTER,ym08,BELONGS_TO
SQUARTER,ym09,BELONGS_TO
SQUARTER,ym10,BELONGS_TO
SQUARTER,ym11,BELONGS_TO
SQUARTER,ym12,BELONGS_TO
SQUARTER,ym13,BELONGS_TO
SQUARTER,ym14,BELONGS_TO
SQUARTER,ym15,BELONGS_TO
SQUARTER,ym16,BELONGS_TO
SQUARTER,ym17,BELONGS_TO
SQUARTER,ym18,BELONGS_TO
SQUARTER,ym19,BELONGS_TO
SQUARTER,ym20,BELONGS_TO
SQUARTER,ym21,BELONGS_TO
SQUARTER,ym22,BELONGS_TO
SQUARTER,ym23,BELONGS_TO
SQUARTER,ym24,BELONGS_TO
SQUARTER,ym25,BELONGS_TO
SQUARTER,ym26,BELONGS_TO
SQUARTER,ym27,BELONGS_TO
SQUARTER,ym28,BELONGS_TO
SQUARTER,ym29,BELONGS_TO
SQUARTER,ym30,BELONGS_TO
SQUARTER,ym31,BELONGS_TO
SQUARTER,ym32,BELONGS_TO
SQUARTER,ym33,BELONGS_TO
SQUARTER,ym34,BELONGS_TO
SQUARTER,ym35,BELONGS_TO
SQUARTER,ym36,BELONGS_TO
SQUARTER,ym37,BELONGS_TO
SQUARTER,ym38,BELONGS_TO
SQUARTER,ym39,BELONGS_TO
SQUARTER,ym40,BELONGS_TO
SQUARTER,ym41,BELONGS_TO
SQUARTER,ym42,BELONGS_TO
SQUARTER,ym43,BELONGS_TO
SQUARTER,ym44,BELONGS_TO
SQUARTER,ym45,BELONGS_TO
SQUARTER,ym46,BELONGS_TO
SQUARTER,ym47,BELONGS_TO
SQUARTER,ym48,BELONGS_TO
SQUARTER,ym49,BELONGS_TO
SQUARTER,ym50,BELONGS_TO
SQUARTER,ym51,BELONGS_TO
SQUARTER,ym52,BELONGS_TO
SQUARTER,ym53,BELONGS_TO
SQUARTER,ym54,BELONGS_TO
SQUARTER,ym55,BELONGS_TO
SQUARTER,ym56,BELONGS_TO
SQUARTER,ym57,BELONGS_TO
SQUARTER,ym58,BELONGS_TO
SQUARTER,ym59,BELONGS_TO
SQUARTER,ym60,BELONGS_TO
SQUARTER,ym61,BELONGS_TO
SQUARTER,ym62,BELONGS_TO
SQUARTER,ym63,BELONGS_TO
SQUARTER,ym64,BELONGS_TO
SQUARTER,ym65,BELONGS_TO
SQUARTER,ym66,BELONGS_TO
SQUARTER,ym67,BELONGS_TO
SQUARTER,ym68,BELONGS_TO
SQUARTER,ym69,BELONGS_TO
SQUARTER,ym70,BELONGS_TO
SQUARTER,ym71,BELONGS_TO
SQUARTER,ym73,BELONGS_TO
SQUARTER,ym75,BELONGS_TO
SQUARTER,ym76,BELONGS_TO
SQUARTER,ym77,BELONGS_TO
SQUARTER,ym78,BELONGS_TO
SQUARTER,ym79,BELONGS_TO
SQUARTER,ym80,BELONGS_TO
SQUARTER,ym81,BELONGS_TO
SQUARTER,ym82,BELONGS_TO
SQUARTER,ym83,BELONGS_TO
SQUARTER,ym84,BELONGS_TO
SQUARTER,ym85,BELONGS_TO
SQUARTER,ym86,BELONGS_TO
SQUARTER,ym87,BELONGS_TO
SQUARTER,ym88,BELONGS_TO
SQUARTER,ymd01,BELONGS_TO
SQUARTER,yr01,BELONGS_TO
SQUARTER,yr02,BELONGS_TO
SQUARTER,yr03,BELONGS_TO
SQUARTER,yr04,BELONGS_TO
SQUARTER,yr05,BELONGS_TO
SQUARTER,yr06,BELONGS_TO
SQUARTER,yr07,BELONGS_TO
SQUARTER,yr08,BELONGS_TO
SQUARTER,yr09,BELONGS_TO
SQUARTER,yr10,BELONGS_TO
SQUARTER,yr11,BELONGS_TO
SQUARTER,yr12,BELONGS_TO
SQUARTER,yr13,BELONGS_TO
SQUARTER,yr14,BELONGS_TO
SQUARTER,yr15,BELONGS_TO
SQUARTER,yr16,BELONGS_TO
SQUARTER,yr17,BELONGS_TO
SQUARTER,yr18,BELONGS_TO
SQUARTER,yr19,BELONGS_TO
SQUARTER,yr20,BELONGS_TO
SQUARTER,yr21,BELONGS_TO
SQUARTER,yr22,BELONGS_TO
SQUARTER,yr23,BELONGS_TO
SQUARTER,yr24,BELONGS_TO
SQUARTER,yr25,BELONGS_TO
SQUARTER,yr26,BELONGS_TO
SQUARTER,yr27,BELONGS_TO
SQUARTER,yr28,BELONGS_TO
SQUARTER,yr29,BELONGS_TO
SQUARTER,yr30,BELONGS_TO
SQUARTER,yr31,BELONGS_TO
SQUARTER,yr32,BELONGS_TO
SQUARTER,yr33,BELONGS_TO
SQUARTER,yr34,BELONGS_TO
SQUARTER,yr35,BELONGS_TO
SQUARTER,yr36,BELONGS_TO
SQUARTER,yr37,BELONGS_TO
SQUARTER,yr38,BELONGS_TO
SQUARTER,yr39,BELONGS_TO
SMONTH,i_yi01,BELONGS_TO
SMONTH,i_yi02,BELONGS_TO
SMONTH,k_yi01,BELONGS_TO
SMONTH,k_yi02,BELONGS_TO
SMONTH,k_yi02_par,BELONGS_TO
SMONTH,k_yi03,BELONGS_TO
SMONTH,k_yi04,BELONGS_TO
SMONTH,k_yi05,BELONGS_TO
SMONTH,k_yi06,BELONGS_TO
SMONTH,k_yi07,BELONGS_TO
SMONTH,k_yi08,BELONGS_TO
SMONTH,yb01,BELONGS_TO
SMONTH,yb02,BELONGS_TO
SMONTH,yb03,BELONGS_TO
SMONTH,yb04,BELONGS_TO
SMONTH,yb05,BELONGS_TO
SMONTH,yb06,BELONGS_TO
SMONTH,yb07,BELONGS_TO
SMONTH,yb09,BELONGS_TO
SMONTH,yb10,BELONGS_TO
SMONTH,yb11,BELONGS_TO
SMONTH,yb12,BELONGS_TO
SMONTH,yb13,BELONGS_TO
SMONTH,yb14,BELONGS_TO
SMONTH,yb15,BELONGS_TO
SMONTH,yb16,BELONGS_TO
SMONTH,yb17,BELONGS_TO
SMONTH,yb18,BELONGS_TO
SMONTH,yb21,BELONGS_TO
SMONTH,yb22,BELONGS_TO
SMONTH,yb23,BELONGS_TO
SMONTH,yb24,BELONGS_TO
SMONTH,yb25,BELONGS_TO
SMONTH,yb26,BELONGS_TO
SMONTH,yb27,BELONGS_TO
SMONTH,yb28,BELONGS_TO
SMONTH,yb29,BELONGS_TO
SMONTH,yb30,BELONGS_TO
SMONTH,yb31,BELONGS_TO
SMONTH,yb32,BELONGS_TO
SMONTH,yb33,BELONGS_TO
SMONTH,yb34,BELONGS_TO
SMONTH,yb35,BELONGS_TO
SMONTH,yb38,BELONGS_TO
SMONTH,yb39,BELONGS_TO
SMONTH,yb40,BELONGS_TO
SMONTH,yb41,BELONGS_TO
SMONTH,yb42,BELONGS_TO
SMONTH,yb43,BELONGS_TO
SMONTH,yb44,BELONGS_TO
SMONTH,yb45,BELONGS_TO
SMONTH,yb46,BELONGS_TO
SMONTH,yb47,BELONGS_TO
SMONTH,yb48,BELONGS_TO
SMONTH,yb49,BELONGS_TO
SMONTH,yb50,BELONGS_TO
SMONTH,yb51,BELONGS_TO
SMONTH,yb52,BELONGS_TO
SMONTH,yb53,BELONGS_TO
SMONTH,yb54,BELONGS_TO
SMONTH,yb55,BELONGS_TO
SMONTH,yb56,BELONGS_TO
SMONTH,yb57,BELONGS_TO
SMONTH,yb58,BELONGS_TO
SMONTH,yb59,BELONGS_TO
SMONTH,yb60,BELONGS_TO
SMONTH,yb61,BELONGS_TO
SMONTH,yb64,BELONGS_TO
SMONTH,yb65,BELONGS_TO
SMONTH,yb66,BELONGS_TO
SMONTH,yb67,BELONGS_TO
SMONTH,yb68,BELONGS_TO
SMONTH,yb69,BELONGS_TO
SMONTH,yb70,BELONGS_TO
SMONTH,yb71,BELONGS_TO
SMONTH,yb80,BELONGS_TO
SMONTH,yc05,BELONGS_TO
SMONTH,yc06,BELONGS_TO
SMONTH,yc07,BELONGS_TO
SMONTH,yc08,BELONGS_TO
SMONTH,yc09,BELONGS_TO
SMONTH,yc10,BELONGS_TO
SMONTH,yc11,BELONGS_TO
SMONTH,yc12,BELONGS_TO
SMONTH,yc13,BELONGS_TO
SMONTH,yc14,BELONGS_TO
SMONTH,yc15,BELONGS_TO
SMONTH,yc16,BELONGS_TO
SMONTH,yc17,BELONGS_TO
SMONTH,yc18,BELONGS_TO
SMONTH,yc19,BELONGS_TO
SMONTH,yc21,BELONGS_TO
SMONTH,yc22,BELONGS_TO
SMONTH,yc23,BELONGS_TO
SMONTH,yc24,BELONGS_TO
SMONTH,yc25,BELONGS_TO
SMONTH,yc26,BELONGS_TO
SMONTH,yc27,BELONGS_TO
SMONTH,yc28,BELONGS_TO
SMONTH,yc29,BELONGS_TO
SMONTH,yc30,BELONGS_TO
SMONTH,yc31,BELONGS_TO
SMONTH,yc32,BELONGS_TO
SMONTH,yc33,BELONGS_TO
SMONTH,yc34,BELONGS_TO
SMONTH,yc35,BELONGS_TO
SMONTH,yc36,BELONGS_TO
SMONTH,yc37,BELONGS_TO
SMONTH,yc38,BELONGS_TO
SMONTH,yc39,BELONGS_TO
SMONTH,yc40,BELONGS_TO
SMONTH,yc41,BELONGS_TO
SMONTH,yc42,BELONGS_TO
SMONTH,yc43,BELONGS_TO
SMONTH,yc44,BELONGS_TO
SMONTH,yc45,BELONGS_TO
SMONTH,yc46,BELONGS_TO
SMONTH,yc76,BELONGS_TO
SMONTH,yd001,BELONGS_TO
SMONTH,yd002,BELONGS_TO
SMONTH,yf01,BELONGS_TO
SMONTH,yf02,BELONGS_TO
SMONTH,yf03,BELONGS_TO
SMONTH,yfd01,BELONGS_TO
SMONTH,yfd02,BELONGS_TO
SMONTH,yfd03,BELONGS_TO
SMONTH,yfd04,BELONGS_TO
SMONTH,yfd05,BELONGS_TO
SMONTH,yfd06,BELONGS_TO
SMONTH,yfd07,BELONGS_TO
SMONTH,yfd10,BELONGS_TO
SMONTH,yfd11,BELONGS_TO
SMONTH,yi01,BELONGS_TO
SMONTH,yi02,BELONGS_TO
SMONTH,yi03,BELONGS_TO
SMONTH,yi04,BELONGS_TO
SMONTH,yi05,BELONGS_TO
SMONTH,yi06,BELONGS_TO
SMONTH,yi07,BELONGS_TO
SMONTH,ym01,BELONGS_TO
SMONTH,ym02,BELONGS_TO
SMONTH,ym04,BELONGS_TO
SMONTH,ym05,BELONGS_TO
SMONTH,ym06,BELONGS_TO
SMONTH,ym07,BELONGS_TO
SMONTH,ym08,BELONGS_TO
SMONTH,ym09,BELONGS_TO
SMONTH,ym10,BELONGS_TO
SMONTH,ym11,BELONGS_TO
SMONTH,ym12,BELONGS_TO
SMONTH,ym13,BELONGS_TO
SMONTH,ym14,BELONGS_TO
SMONTH,ym15,BELONGS_TO
SMONTH,ym16,BELONGS_TO
SMONTH,ym17,BELONGS_TO
SMONTH,ym18,BELONGS_TO
SMONTH,ym19,BELONGS_TO
SMONTH,ym20,BELONGS_TO
SMONTH,ym21,BELONGS_TO
SMONTH,ym22,BELONGS_TO
SMONTH,ym23,BELONGS_TO
SMONTH,ym24,BELONGS_TO
SMONTH,ym25,BELONGS_TO
SMONTH,ym26,BELONGS_TO
SMONTH,ym27,BELONGS_TO
SMONTH,ym28,BELONGS_TO
SMONTH,ym29,BELONGS_TO
SMONTH,ym30,BELONGS_TO
SMONTH,ym31,BELONGS_TO
SMONTH,ym32,BELONGS_TO
SMONTH,ym33,BELONGS_TO
SMONTH,ym34,BELONGS_TO
SMONTH,ym35,BELONGS_TO
SMONTH,ym36,BELONGS_TO
SMONTH,ym37,BELONGS_TO
SMONTH,ym38,BELONGS_TO
SMONTH,ym39,BELONGS_TO
SMONTH,ym40,BELONGS_TO
SMONTH,ym41,BELONGS_TO
SMONTH,ym42,BELONGS_TO
SMONTH,ym43,BELONGS_TO
SMONTH,ym44,BELONGS_TO
SMONTH,ym45,BELONGS_TO
SMONTH,ym46,BELONGS_TO
SMONTH,ym47,BELONGS_TO
SMONTH,ym48,BELONGS_TO
SMONTH,ym49,BELONGS_TO
SMONTH,ym50,BELONGS_TO
SMONTH,ym51,BELONGS_TO
SMONTH,ym52,BELONGS_TO
SMONTH,ym53,BELONGS_TO
SMONTH,ym54,BELONGS_TO
SMONTH,ym55,BELONGS_TO
SMONTH,ym56,BELONGS_TO
SMONTH,ym57,BELONGS_TO
SMONTH,ym58,BELONGS_TO
SMONTH,ym59,BELONGS_TO
SMONTH,ym60,BELONGS_TO
SMONTH,ym61,BELONGS_TO
SMONTH,ym62,BELONGS_TO
SMONTH,ym63,BELONGS_TO
SMONTH,ym64,BELONGS_TO
SMONTH,ym65,BELONGS_TO
SMONTH,ym66,BELONGS_TO
SMONTH,ym67,BELONGS_TO
SMONTH,ym68,BELONGS_TO
SMONTH,ym69,BELONGS_TO
SMONTH,ym70,BELONGS_TO
SMONTH,ym71,BELONGS_TO
SMONTH,ym73,BELONGS_TO
SMONTH,ym75,BELONGS_TO
SMONTH,ym76,BELONGS_TO
SMONTH,ym77,BELONGS_TO
SMONTH,ym78,BELONGS_TO
SMONTH,ym79,BELONGS_TO
SMONTH,ym80,BELONGS_TO
SMONTH,ym81,BELONGS_TO
SMONTH,ym82,BELONGS_TO
SMONTH,ym83,BELONGS_TO
SMONTH,ym84,BELONGS_TO
SMONTH,ym85,BELONGS_TO
SMONTH,ym86,BELONGS_TO
SMONTH,ym87,BELONGS_TO
SMONTH,ym88,BELONGS_TO
SMONTH,ymd01,BELONGS_TO
SMONTH,yr01,BELONGS_TO
SMONTH,yr02,BELONGS_TO
SMONTH,yr03,BELONGS_TO
SMONTH,yr04,BELONGS_TO
SMONTH,yr05,BELONGS_TO
SMONTH,yr06,BELONGS_TO
SMONTH,yr07,BELONGS_TO
SMONTH,yr08,BELONGS_TO
SMONTH,yr09,BELONGS_TO
SMONTH,yr10,BELONGS_TO
SMONTH,yr11,BELONGS_TO
SMONTH,yr12,BELONGS_TO
SMONTH,yr13,BELONGS_TO
SMONTH,yr14,BELONGS_TO
SMONTH,yr15,BELONGS_TO
SMONTH,yr16,BELONGS_TO
SMONTH,yr17,BELONGS_TO
SMONTH,yr18,BELONGS_TO
SMONTH,yr19,BELONGS_TO
SMONTH,yr20,BELONGS_TO
SMONTH,yr21,BELONGS_TO
SMONTH,yr22,BELONGS_TO
SMONTH,yr23,BELONGS_TO
SMONTH,yr24,BELONGS_TO
SMONTH,yr25,BELONGS_TO
SMONTH,yr26,BELONGS_TO
SMONTH,yr27,BELONGS_TO
SMONTH,yr28,BELONGS_TO
SMONTH,yr29,BELONGS_TO
SMONTH,yr30,BELONGS_TO
SMONTH,yr31,BELONGS_TO
SMONTH,yr32,BELONGS_TO
SMONTH,yr33,BELONGS_TO
SMONTH,yr34,BELONGS_TO
SMONTH,yr35,BELONGS_TO
SMONTH,yr36,BELONGS_TO
SMONTH,yr37,BELONGS_TO
SMONTH,yr38,BELONGS_TO
SMONTH,yr39,BELONGS_TO
time_generation,i_yi01,BELONGS_TO
time_generation,k_yi01,BELONGS_TO
time_generation,k_yi02,BELONGS_TO
time_generation,k_yi03,BELONGS_TO
time_generation,k_yi04,BELONGS_TO
time_generation,k_yi05,BELONGS_TO
time_generation,k_yi06,BELONGS_TO
time_generation,ym01,BELONGS_TO
time_generation,ym02,BELONGS_TO
time_benchmark,i_yi01,BELONGS_TO
time_benchmark,k_yi01,BELONGS_TO
time_benchmark,k_yi02,BELONGS_TO
time_benchmark,k_yi03,BELONGS_TO
time_benchmark,k_yi04,BELONGS_TO
time_benchmark,k_yi05,BELONGS_TO
time_benchmark,k_yi06,BELONGS_TO
index_value,i_yi01,BELONGS_TO
index_value,k_yi02,BELONGS_TO
index_value,k_yi04,BELONGS_TO
index_value,k_yi06,BELONGS_TO
index_value,ym35,BELONGS_TO
index_trend,i_yi01,BELONGS_TO
index_trend,k_yi02,BELONGS_TO
index_trend,k_yi04,BELONGS_TO
index_trend,k_yi06,BELONGS_TO
index_trend_low,i_yi01,BELONGS_TO
index_trend_low,k_yi02,BELONGS_TO
index_trend_low,k_yi04,BELONGS_TO
index_trend_low,k_yi06,BELONGS_TO
trend_12,i_yi02,BELONGS_TO
trend_24,i_yi02,BELONGS_TO
trend_36,i_yi02,BELONGS_TO
mrate_12,i_yi02,BELONGS_TO
mrate_24,i_yi02,BELONGS_TO
mrate_36,i_yi02,BELONGS_TO
std_12,i_yi02,BELONGS_TO
std_24,i_yi02,BELONGS_TO
std_36,i_yi02,BELONGS_TO
index_summarized,k_yi01,BELONGS_TO
index_balance,k_yi01,BELONGS_TO
index_mci_hos,k_yi01,BELONGS_TO
index_mci_clic,k_yi01,BELONGS_TO
index_class,k_yi02,BELONGS_TO
index_class,k_yi02_par,BELONGS_TO
index_class,k_yi03,BELONGS_TO
factor,k_yi02_par,BELONGS_TO
medicine,k_yi03,BELONGS_TO
material,k_yi03,BELONGS_TO
factor_mio,k_yi05,BELONGS_TO
factor_mio_code,k_yi05,BELONGS_TO
fund_income,k_yi07,BELONGS_TO
fund_expend,k_yi07,BELONGS_TO
peo_increase_rate,k_yi08,BELONGS_TO
worker_retire_rate,k_yi08,BELONGS_TO
RAA037,rybb001_info_01,BELONGS_TO
RAA037,rybb002_info_01,BELONGS_TO
RAA037,rybb003_info_01,BELONGS_TO
RAA037,rybb004_info_01,BELONGS_TO
RAA037,rybb005_info_01,BELONGS_TO
RAA037,rycc001_info_01,BELONGS_TO
RAA037,rycc003_info_01,BELONGS_TO
RAA037,rycc004_info_01,BELONGS_TO
RAA037,ryib001_info_01,BELONGS_TO
RAA037,ryic001_info_01,BELONGS_TO
RAA037,ryic002_info_01,BELONGS_TO
RAA037,ryic003_info_01,BELONGS_TO
RAA037,ryjb001_info_01,BELONGS_TO
RAA037,ryjc001_info_01,BELONGS_TO
RAA037,rykc005_info_01,BELONGS_TO
RAA037,rykc006_info_01,BELONGS_TO
RAA037,rykc006_info_02,BELONGS_TO
RAA037,rylb001_info_01,BELONGS_TO
RAA037,rylb002_info_01,BELONGS_TO
RAA037,rylb003_info_02,BELONGS_TO
RAA037,rylb004_info_01,BELONGS_TO
RAA037,rylb005_info_01,BELONGS_TO
RAA037,rylc002_info_01,BELONGS_TO
RAA037,rylc003_info_01,BELONGS_TO
RAA037,rylc004_info_01,BELONGS_TO
RAA037,rylc005_info_01,BELONGS_TO
RAA037,rylc006_info_01,BELONGS_TO
RAA037,rymc001_info_01,BELONGS_TO
RAA037,rymc002_info_01,BELONGS_TO
RAA037,rymc003_info_01,BELONGS_TO
RAA037,rymc004_info_01,BELONGS_TO
RAA037,rytc001_info_01,BELONGS_TO
RAA037,rytc002_info_01,BELONGS_TO
RAA037,rytc003_info_01,BELONGS_TO
RAA037,yra02,BELONGS_TO
REASON,rybb001_info_01,BELONGS_TO
REASON,rybb002_info_01,BELONGS_TO
REASON,rybb003_info_01,BELONGS_TO
REASON,rybb004_info_01,BELONGS_TO
REASON,rybb005_info_01,BELONGS_TO
REASON,rycc001_info_01,BELONGS_TO
REASON,rycc003_info_01,BELONGS_TO
REASON,rycc004_info_01,BELONGS_TO
REASON,ryib001_info_01,BELONGS_TO
REASON,ryic001_info_01,BELONGS_TO
REASON,ryic002_info_01,BELONGS_TO
REASON,ryic003_info_01,BELONGS_TO
REASON,ryjb001_info_01,BELONGS_TO
REASON,ryjc001_info_01,BELONGS_TO
REASON,rykc005_info_01,BELONGS_TO
REASON,rykc006_info_01,BELONGS_TO
REASON,ryko003_info_01,BELONGS_TO
REASON,rylb001_info_01,BELONGS_TO
REASON,rylc004_info_01,BELONGS_TO
REASON,rylc006_info_01,BELONGS_TO
REASON,rymc001_info_01,BELONGS_TO
REASON,rymc003_info_01,BELONGS_TO
REASON,rymc004_info_01,BELONGS_TO
REASON,rytc001_info_01,BELONGS_TO
REASON,rytc002_info_01,BELONGS_TO
REASON,rytc003_info_01,BELONGS_TO
REASON,yc76,BELONGS_TO
RAA019,rybb001_info_01,BELONGS_TO
RAA019,rybb002_info_01,BELONGS_TO
RAA019,rybb003_info_01,BELONGS_TO
RAA019,rybb004_info_01,BELONGS_TO
RAA019,rybb005_info_01,BELONGS_TO
RAA019,rycc001_info_01,BELONGS_TO
RAA019,rycc003_info_01,BELONGS_TO
RAA019,rycc004_info_01,BELONGS_TO
RAA019,ryic001_info_01,BELONGS_TO
RAA019,ryic002_info_01,BELONGS_TO
RAA019,ryic003_info_01,BELONGS_TO
RAA019,ryjc001_info_01,BELONGS_TO
RAA019,rykc004_info_01,BELONGS_TO
RAA019,rykc005_info_01,BELONGS_TO
RAA019,rykc006_info_01,BELONGS_TO
RAA019,rykc006_info_02,BELONGS_TO
RAA019,ryko003_info_01,BELONGS_TO
RAA019,rylb001_info_01,BELONGS_TO
RAA019,rylb003_info_02,BELONGS_TO
RAA019,rylb005_info_01,BELONGS_TO
RAA019,rylc002_info_01,BELONGS_TO
RAA019,rylc003_info_01,BELONGS_TO
RAA019,rylc004_info_01,BELONGS_TO
RAA019,rylc005_info_01,BELONGS_TO
RAA019,rylc006_info_01,BELONGS_TO
RAA019,rymc002_info_01,BELONGS_TO
RAA019,rymc003_info_01,BELONGS_TO
RAA019,rymc004_info_01,BELONGS_TO
RAA019,rytc001_info_01,BELONGS_TO
RAA019,yra02_attr_01,BELONGS_TO
AAB004,rybb002_info_01,BELONGS_TO
AAB004,rybb003_info_01,BELONGS_TO
AAB004,rybb004_info_01,BELONGS_TO
AAB004,rybb005_info_01,BELONGS_TO
AAB004,rylb001_info_01,BELONGS_TO
DAB307,rybb002_info_01,BELONGS_TO
DAB318,rybb002_info_01,BELONGS_TO
DAB319,rybb002_info_01,BELONGS_TO
DAB209,rybb002_info_01,BELONGS_TO
AAB019,rybb003_info_01,BELONGS_TO
AAB019,rycc001_info_01,BELONGS_TO
AAB022,rybb003_info_01,BELONGS_TO
AAB022,rylb003_info_02,BELONGS_TO
AAB999,rybb004_info_01,BELONGS_TO
AAB999,rybb005_info_01,BELONGS_TO
AAB999,rylb004_info_01,BELONGS_TO
DYCS,rybb004_info_01,BELONGS_TO
AAC999,rycc001_info_01,BELONGS_TO
AAC999,rytc002_info_01,BELONGS_TO
AAE041,rycc001_info_01,BELONGS_TO
AAE041,rycc004_info_01,BELONGS_TO
AAE041,ryib001_info_01,BELONGS_TO
AAE041,rykc005_info_01,BELONGS_TO
AAE041,rylc003_info_01,BELONGS_TO
AAE041,rylc006_info_01,BELONGS_TO
AAE041,rymc002_info_01,BELONGS_TO
AAE042,rycc001_info_01,BELONGS_TO
AAE042,rycc004_info_01,BELONGS_TO
AAE042,ryib001_info_01,BELONGS_TO
AAE042,rylc006_info_01,BELONGS_TO
BAC001,rycc001_info_01,BELONGS_TO
BAC001,rycc003_info_01,BELONGS_TO
BAC001,ryic001_info_01,BELONGS_TO
BAC001,ryic003_info_01,BELONGS_TO
BAC001,ryjb001_info_01,BELONGS_TO
BAC001,rylb001_info_01,BELONGS_TO
BAC001,rylb003_info_02,BELONGS_TO
BAC001,rylb005_info_01,BELONGS_TO
BAC001,rylc001_info_01,BELONGS_TO
BAC001,rylc002_info_01,BELONGS_TO
BAC001,rylc004_info_01,BELONGS_TO
BAC001,rylc005_info_01,BELONGS_TO
BAC001,rylc006_info_01,BELONGS_TO
BAC001,rytc002_info_01,BELONGS_TO
AAC003,rycc003_info_01,BELONGS_TO
AAC003,ryic002_info_01,BELONGS_TO
AAC003,ryic003_info_01,BELONGS_TO
AAC003,rykc006_info_02,BELONGS_TO
AAC003,rytc001_info_01,BELONGS_TO
AAC003,rytc002_info_01,BELONGS_TO
AAC006_6,rycc003_info_01,BELONGS_TO
AAC004,rycc003_info_01,BELONGS_TO
AAB011,rycc003_info_01,BELONGS_TO
CAC205,rycc004_info_01,BELONGS_TO
AAC006,ryib001_info_01,BELONGS_TO
AAC006,ryic001_info_01,BELONGS_TO
AAC006,ryic002_info_01,BELONGS_TO
AAC006,ryic003_info_01,BELONGS_TO
AAC006,rytc002_info_01,BELONGS_TO
BAB001,ryic001_info_01,BELONGS_TO
BAB001,ryjb001_info_01,BELONGS_TO
BAB001,rylb002_info_01,BELONGS_TO
AAC147,ryic001_info_01,BELONGS_TO
AAC147,ryic003_info_01,BELONGS_TO
AAC147,rytc001_info_01,BELONGS_TO
AIC162,ryic001_info_01,BELONGS_TO
CAC001,ryic001_info_01,BELONGS_TO
AAE003,ryic002_info_01,BELONGS_TO
AAE003,ryic003_info_01,BELONGS_TO
AAE003,ryjc001_info_01,BELONGS_TO
AAE003,rytc002_info_01,BELONGS_TO
DIE_6,ryic002_info_01,BELONGS_TO
DIE_6,rykc006_info_01,BELONGS_TO
DIE_6,rykc006_info_02,BELONGS_TO
DIE_6,rytc002_info_01,BELONGS_TO
AAF013,ryic003_info_01,BELONGS_TO
AAF013,rykc006_info_01,BELONGS_TO
NUM,ryic003_info_01,BELONGS_TO
NUM,ryjc001_info_01,BELONGS_TO
AAE136,ryic003_info_01,BELONGS_TO
AAC0G5,ryjb001_info_01,BELONGS_TO
MODIFY_NUM,ryjb001_info_01,BELONGS_TO
SDATE,ryjb001_info_01,BELONGS_TO
AAA037,ryjc001_info_01,BELONGS_TO
AAA037,rytc002_info_01,BELONGS_TO
TOTAL_RECORD_NUM,rykc004_info_01,BELONGS_TO
FUND_COST,rykc004_info_01,BELONGS_TO
AAZ107,rykc004_info_02,BELONGS_TO
AAZ107,rykc005_info_01,BELONGS_TO
AAZ107,ryko001_info_01,BELONGS_TO
AAZ107,ryko003_info_01,BELONGS_TO
AAZ107,ym09,BELONGS_TO
AAZ107,ym37,BELONGS_TO
AAZ107,ym41,BELONGS_TO
AAZ107,ym88,BELONGS_TO
BKE032,rykc004_info_02,BELONGS_TO
AKE002,rykc004_info_02,BELONGS_TO
AKC225,rykc004_info_02,BELONGS_TO
AKC226,rykc004_info_02,BELONGS_TO
AKC264,rykc004_info_02,BELONGS_TO
AKC264,rykc005_info_01,BELONGS_TO
AKC264,ryko003_info_01,BELONGS_TO
AAE149,rykc005_info_01,BELONGS_TO
AAE149,rykc006_info_01,BELONGS_TO
AAE149,rykc006_info_02,BELONGS_TO
CKC016,rykc005_info_01,BELONGS_TO
AKB067,rykc005_info_01,BELONGS_TO
AKB067,rykc006_info_02,BELONGS_TO
MONEY,rykc005_info_01,BELONGS_TO
CKA009,rykc006_info_02,BELONGS_TO
CKC005,rykc006_info_02,BELONGS_TO
DKB028,ryko001_info_01,BELONGS_TO
DKB028,ym88,BELONGS_TO
DKB006,ryko001_info_01,BELONGS_TO
DKB018,ryko001_info_01,BELONGS_TO
AAA150,rylb003_info_02,BELONGS_TO
AAA150,rylb004_info_01,BELONGS_TO
ALC031,rylb003_info_02,BELONGS_TO
ALC031,rylc001_info_01,BELONGS_TO
RESULT,rylb003_info_02,BELONGS_TO
RESULT,rylc001_info_01,BELONGS_TO
AAA027,rylb004_info_01,BELONGS_TO
AAA027,yc13,BELONGS_TO
AAA027,yc15,BELONGS_TO
AAA027,yc16,BELONGS_TO
AAA027,yc17,BELONGS_TO
AAA027,yc18,BELONGS_TO
AAA027,yc19,BELONGS_TO
AAA027,yc21,BELONGS_TO
AAA027,yc22,BELONGS_TO
AAA027,yc24,BELONGS_TO
AAA027,yc25,BELONGS_TO
AAA027,yc26,BELONGS_TO
AAA027,yc27,BELONGS_TO
AAA027,yc28,BELONGS_TO
AAA027,yc29,BELONGS_TO
AAA027,yc30,BELONGS_TO
AAA027,yc31,BELONGS_TO
AAA027,yc32,BELONGS_TO
AAA027,yc33,BELONGS_TO
AAA027,yc34,BELONGS_TO
AAA027,yc35,BELONGS_TO
AAA027,yc36,BELONGS_TO
AAA027,yc37,BELONGS_TO
AAA027,yc38,BELONGS_TO
EXPLAIN,rylb004_info_01,BELONGS_TO
EXPLAIN,rylb005_info_01,BELONGS_TO
EXPLAIN,rylc003_info_01,BELONGS_TO
CAC026,rylb005_info_01,BELONGS_TO
HIGH,rylb005_info_01,BELONGS_TO
LOW,rylb005_info_01,BELONGS_TO
AAE217,rylc001_info_01,BELONGS_TO
AAE217,rytc001_info_01,BELONGS_TO
AAE218,rylc001_info_01,BELONGS_TO
DAY,rylc001_info_01,BELONGS_TO
ALA040,rylc002_info_01,BELONGS_TO
RAZ011,rylc002_info_01,BELONGS_TO
RAZ011,rymc001_info_01,BELONGS_TO
INTERVAL,rylc003_info_01,BELONGS_TO
WORK_INJURY_TIME,rylc004_info_01,BELONGS_TO
DATE_OF_APPLICATION,rylc004_info_01,BELONGS_TO
FIRST_TIME_TO_WORK,rylc004_info_01,BELONGS_TO
AAE127,rylc005_info_01,BELONGS_TO
CLC019,rylc005_info_01,BELONGS_TO
ALC020,rylc005_info_01,BELONGS_TO
ALC020,rylc006_info_01,BELONGS_TO
S_F_DAYS,rylc005_info_01,BELONGS_TO
AMC030,rymc001_info_01,BELONGS_TO
CMC114,rymc001_info_01,BELONGS_TO
JGYS,rymc002_info_01,BELONGS_TO
AMC020,rymc002_info_01,BELONGS_TO
AMC020,rymc003_info_01,BELONGS_TO
AMC020,rymc004_info_01,BELONGS_TO
CAD214,rymc003_info_01,BELONGS_TO
CAD215,rymc003_info_01,BELONGS_TO
RAZ012,rymc004_info_01,BELONGS_TO
CAE249,rytc001_info_01,BELONGS_TO
WORK_AAB001,rytc001_info_01,BELONGS_TO
DAD083,rytc003_info_01,BELONGS_TO
aaa027,yb01,BELONGS_TO
aaa027,yb07,BELONGS_TO
aaa027,yb23,BELONGS_TO
aaa027,yb24,BELONGS_TO
aaa027,yb25,BELONGS_TO
aaa027,yb26,BELONGS_TO
aaa027,yb27,BELONGS_TO
aaa027,yb28,BELONGS_TO
aaa027,yb29,BELONGS_TO
aaa027,yb30,BELONGS_TO
aaa027,yb31,BELONGS_TO
aaa027,yb32,BELONGS_TO
aaa027,yb33,BELONGS_TO
aaa027,yb34,BELONGS_TO
aaa027,yb35,BELONGS_TO
aaa027,yb59,BELONGS_TO
aaa027,yb60,BELONGS_TO
aaa027,yb80,BELONGS_TO
aaa027,yc14,BELONGS_TO
aaa027,yc39,BELONGS_TO
aaa027,yc40,BELONGS_TO
aaa027,yc41,BELONGS_TO
aaa027,yc42,BELONGS_TO
aaa027,yc43,BELONGS_TO
aaa027,yc44,BELONGS_TO
aaa027,yc45,BELONGS_TO
aaa027,yc46,BELONGS_TO
aaa027,yfd10,BELONGS_TO
aaa027,yr01,BELONGS_TO
aaa027,yr02,BELONGS_TO
aaa027,yr04,BELONGS_TO
aaa027,yr05,BELONGS_TO
aaa027,yr07,BELONGS_TO
aaa027,yr08,BELONGS_TO
aaa027,yr09,BELONGS_TO
aaa027,yr13,BELONGS_TO
aaa027,yr15,BELONGS_TO
aaa027,yr17,BELONGS_TO
aaa027,yr19,BELONGS_TO
aaa027,yr20,BELONGS_TO
aaa027,yr22,BELONGS_TO
aaa027,yr24,BELONGS_TO
aaa027,yr25,BELONGS_TO
aaa027,yr26,BELONGS_TO
aaa027,yr27,BELONGS_TO
aaa027,yr28,BELONGS_TO
aaa027,yr29,BELONGS_TO
aaa027,yr30,BELONGS_TO
aaa027,yr31,BELONGS_TO
aaa027,yr32,BELONGS_TO
aaa027,yr34,BELONGS_TO
aaa027,yr35,BELONGS_TO
aaa027,yr36,BELONGS_TO
street,yb02,BELONGS_TO
street,yb04,BELONGS_TO
street,yb05,BELONGS_TO
street,yb09,BELONGS_TO
street,yb17,BELONGS_TO
street,yc05,BELONGS_TO
vitality_index,yb02,BELONGS_TO
vitality_index,yb25,BELONGS_TO
aab073,yb03,BELONGS_TO
aab073,yb06,BELONGS_TO
aab073,yb21,BELONGS_TO
aab073,yb22,BELONGS_TO
aab073,yb23,BELONGS_TO
aab073,yb27,BELONGS_TO
aab073,yb28,BELONGS_TO
aab073,yb30,BELONGS_TO
aab073,yb33,BELONGS_TO
aab073,yb35,BELONGS_TO
aab073,yb80,BELONGS_TO
aab073,yc17,BELONGS_TO
aab073,yc32,BELONGS_TO
aab073,yc36,BELONGS_TO
aab073,yr03,BELONGS_TO
aab073,yr06,BELONGS_TO
aab073,yr10,BELONGS_TO
aab073,yr11,BELONGS_TO
aab073,yr12,BELONGS_TO
aab073,yr14,BELONGS_TO
aab073,yr16,BELONGS_TO
aab073,yr18,BELONGS_TO
aab073,yr21,BELONGS_TO
aab073,yr23,BELONGS_TO
aab073,yr33,BELONGS_TO
aab073,yr37,BELONGS_TO
aab073,yr38,BELONGS_TO
aab073,yr39,BELONGS_TO
num_new_add_comp,yb03,BELONGS_TO
domain_category,yb04,BELONGS_TO
num_companies,yb04,BELONGS_TO
num_companies,yb05,BELONGS_TO
industry_category,yb05,BELONGS_TO
avg_med_spend,yb06,BELONGS_TO
proportion_drugstore,yb06,BELONGS_TO
num_db,yb06,BELONGS_TO
overall_rating,yb07,BELONGS_TO
overall_rating,yb10,BELONGS_TO
overall_rating,ym07,BELONGS_TO
overall_rating,ym13,BELONGS_TO
frequency,yb07,BELONGS_TO
frequency,ym30,BELONGS_TO
company_id,yb08,BELONGS_TO
company_id,yb10,BELONGS_TO
company_id,yb11,BELONGS_TO
company_id,yb12,BELONGS_TO
company_id,yb13,BELONGS_TO
company_id,yb14,BELONGS_TO
company_id,yb15,BELONGS_TO
company_id,yb16,BELONGS_TO
company_id,yb17,BELONGS_TO
company_id,yb38,BELONGS_TO
company_id,yb39,BELONGS_TO
company_id,yb40,BELONGS_TO
company_id,yb41,BELONGS_TO
company_id,yb42,BELONGS_TO
company_id,yb43,BELONGS_TO
company_id,yb44,BELONGS_TO
company_id,yb45,BELONGS_TO
company_id,yb46,BELONGS_TO
company_id,yb47,BELONGS_TO
company_id,yb48,BELONGS_TO
company_id,yb51,BELONGS_TO
company_id,yb52,BELONGS_TO
company_id,yb53,BELONGS_TO
company_id,yb54,BELONGS_TO
company_id,yb55,BELONGS_TO
company_id,yb56,BELONGS_TO
company_id,yb57,BELONGS_TO
company_id,yb58,BELONGS_TO
lon,yb08,BELONGS_TO
lon,yc13,BELONGS_TO
lat,yb08,BELONGS_TO
lat,yc13,BELONGS_TO
employee_health_index,yb09,BELONGS_TO
basic_condition_score,yb10,BELONGS_TO
basic_condition_score,ym13,BELONGS_TO
credit_condition_score,yb10,BELONGS_TO
social_security_pay_condition_score,yb10,BELONGS_TO
development_condition_score,yb10,BELONGS_TO
operation_condition_score,yb10,BELONGS_TO
personnel_structure_condition_socre,yb10,BELONGS_TO
health_condition_score,yb10,BELONGS_TO
num_contributor,yb11,BELONGS_TO
retained_staff,yb11,BELONGS_TO
new_add_staff,yb11,BELONGS_TO
leave_staff,yb11,BELONGS_TO
average_month_base_pay,yb11,BELONGS_TO
worker_growth_rate,yb11,BELONGS_TO
social_security_timely_payment_rate,yb11,BELONGS_TO
unemployment_benefits_reveive_rate,yb11,BELONGS_TO
injury_incidence_rate,yb11,BELONGS_TO
age_group,yb12,BELONGS_TO
age_group,yc07,BELONGS_TO
age_group,yc08,BELONGS_TO
age_group,yc10,BELONGS_TO
age_group,yc11,BELONGS_TO
age_group,yc45,BELONGS_TO
num,yb12,BELONGS_TO
num,yb13,BELONGS_TO
num,yb14,BELONGS_TO
num,yb15,BELONGS_TO
num,yb34,BELONGS_TO
num,yb38,BELONGS_TO
num,yb49,BELONGS_TO
num,yb50,BELONGS_TO
num,yc17,BELONGS_TO
num,yc28,BELONGS_TO
num,yc40,BELONGS_TO
num,yfd01,BELONGS_TO
num,yr15,BELONGS_TO
num,yr16,BELONGS_TO
num,yr17,BELONGS_TO
num,yr18,BELONGS_TO
gender,yb13,BELONGS_TO
gender,yb40,BELONGS_TO
gender,ym15,BELONGS_TO
gender,ym44,BELONGS_TO
gender,ym75,BELONGS_TO
gender,yr22,BELONGS_TO
gender,yr23,BELONGS_TO
gender,yr32,BELONGS_TO
education,yb14,BELONGS_TO
education,yr17,BELONGS_TO
education,yr18,BELONGS_TO
education,yr29,BELONGS_TO
region,yb15,BELONGS_TO
region,yb41,BELONGS_TO
annual_per_medical_spending,yb16,BELONGS_TO
annual_num_medical_treatment,yb16,BELONGS_TO
serious_staff_ratio,yb16,BELONGS_TO
serious_staff_number,yb16,BELONGS_TO
total_workers_num,yb16,BELONGS_TO
person_id,yb17,BELONGS_TO
person_id,yb40,BELONGS_TO
person_id,yb47,BELONGS_TO
person_id,yb48,BELONGS_TO
person_id,yb52,BELONGS_TO
person_id,ym61,BELONGS_TO
risk_event,yb17,BELONGS_TO
total_money,yb17,BELONGS_TO
total_money,yc43,BELONGS_TO
aab001,yb18,BELONGS_TO
aab001,yb49,BELONGS_TO
aab001,yb50,BELONGS_TO
aab001,yb61,BELONGS_TO
aab001,yb64,BELONGS_TO
aab001,yb65,BELONGS_TO
aab001,yb66,BELONGS_TO
aab001,yb67,BELONGS_TO
aab001,yb68,BELONGS_TO
aab001,yb69,BELONGS_TO
aab001,yb70,BELONGS_TO
aab001,yc32,BELONGS_TO
aab001,yc36,BELONGS_TO
overall_ranking,yb18,BELONGS_TO
industry_ranking,yb18,BELONGS_TO
vitality_index_ranking,yb21,BELONGS_TO
employee_health_index_ranking,yb22,BELONGS_TO
avg_value,yb23,BELONGS_TO
avg_value,yb24,BELONGS_TO
avg_value,yb25,BELONGS_TO
aab022,yb24,BELONGS_TO
aab022,yb29,BELONGS_TO
aab022,yb32,BELONGS_TO
aab022,yb59,BELONGS_TO
aab022,yb60,BELONGS_TO
aab022,yc18,BELONGS_TO
aab022,yr19,BELONGS_TO
aab022,yr24,BELONGS_TO
aab022,yr25,BELONGS_TO
aab022,yr26,BELONGS_TO
aab022,yr27,BELONGS_TO
aab022,yr28,BELONGS_TO
score_chain_grow_rate,yb25,BELONGS_TO
vitality_chain_grow_rate,yb25,BELONGS_TO
aae140,yb26,BELONGS_TO
aae140,yb27,BELONGS_TO
aae140,yb28,BELONGS_TO
aae140,yb30,BELONGS_TO
aae140,yb31,BELONGS_TO
aae140,yb32,BELONGS_TO
aae140,yb33,BELONGS_TO
aae140,yc16,BELONGS_TO
aae140,yc28,BELONGS_TO
aae140,yfd01,BELONGS_TO
aae140,yfd02,BELONGS_TO
aae140,yfd07,BELONGS_TO
aae140,yfd10,BELONGS_TO
aae140,yr03,BELONGS_TO
aac004,yb30,BELONGS_TO
aac004,yb49,BELONGS_TO
aac004,yb53,BELONGS_TO
aac004,yc44,BELONGS_TO
aaa036,yb31,BELONGS_TO
aab035,yb34,BELONGS_TO
new_add_num,yb38,BELONGS_TO
new_add_num,yb46,BELONGS_TO
retain_num,yb38,BELONGS_TO
retain_num,yb46,BELONGS_TO
cum_count,yb38,BELONGS_TO
cum_count,yb39,BELONGS_TO
num_peo,yb39,BELONGS_TO
num_peo,yb65,BELONGS_TO
num_peo,yb80,BELONGS_TO
all_money,yb39,BELONGS_TO
name,yb40,BELONGS_TO
age,yb40,BELONGS_TO
age,yb43,BELONGS_TO
age,yc07,BELONGS_TO
age,yc09,BELONGS_TO
age,yc38,BELONGS_TO
age,ym66,BELONGS_TO
age,ym75,BELONGS_TO
age,ym76,BELONGS_TO
entry_time,yb40,BELONGS_TO
census,yb40,BELONGS_TO
base_pay,yb40,BELONGS_TO
year_of_service,yb42,BELONGS_TO
num_of_payable,yb44,BELONGS_TO
paidup,yb44,BELONGS_TO
flag,yb44,BELONGS_TO
security_time,yb45,BELONGS_TO
all_num,yb46,BELONGS_TO
all_num,yr01,BELONGS_TO
num_history,yb46,BELONGS_TO
ajc097,yb47,BELONGS_TO
periods,yb47,BELONGS_TO
periods,yb54,BELONGS_TO
ajc093,yb47,BELONGS_TO
ajc093,yc29,BELONGS_TO
ajc093,yc32,BELONGS_TO
sum_money,yb47,BELONGS_TO
clc388,yb48,BELONGS_TO
clc388,yc36,BELONGS_TO
alc027,yb48,BELONGS_TO
alc027,yc35,BELONGS_TO
alc027,yc36,BELONGS_TO
alc021,yb48,BELONGS_TO
alc021,yc33,BELONGS_TO
alc021,yc36,BELONGS_TO
ala040,yb48,BELONGS_TO
ala040,yc34,BELONGS_TO
ala040,yc36,BELONGS_TO
aae019,yb48,BELONGS_TO
new_add_retirement,yb51,BELONGS_TO
retire_age,yb52,BELONGS_TO
retire_age,yb53,BELONGS_TO
outpatient_peo_num,yb55,BELONGS_TO
hospital_peo_num,yb55,BELONGS_TO
outpatient_sum,yb55,BELONGS_TO
hospital_sum,yb55,BELONGS_TO
drugstore_peo_num,yb55,BELONGS_TO
aac001,yb56,BELONGS_TO
aac001,yc12,BELONGS_TO
aac001,yc32,BELONGS_TO
aac001,yc36,BELONGS_TO
aac001,yc76,BELONGS_TO
source_type,yb57,BELONGS_TO
retired_type,yb58,BELONGS_TO
type,yb61,BELONGS_TO
num_all,yb61,BELONGS_TO
num_all,yb64,BELONGS_TO
num_add,yb64,BELONGS_TO
num_leave,yb64,BELONGS_TO
num_join,yb64,BELONGS_TO
ake002,yb65,BELONGS_TO
rating,yb66,BELONGS_TO
score,yb67,BELONGS_TO
score,yb69,BELONGS_TO
event,yb70,BELONGS_TO
event,yb71,BELONGS_TO
aac003,yb70,BELONGS_TO
aac003,yc32,BELONGS_TO
aac003,yc36,BELONGS_TO
serial_number,yb71,BELONGS_TO
desc,yb71,BELONGS_TO
aac011,yb80,BELONGS_TO
year_num,yc06,BELONGS_TO
male_num,yc07,BELONGS_TO
male_num,yc09,BELONGS_TO
male_num,yc19,BELONGS_TO
male_num,yc37,BELONGS_TO
peo_num,yc09,BELONGS_TO
peo_num,ym20,BELONGS_TO
female_num,yc09,BELONGS_TO
female_num,yc37,BELONGS_TO
male_medical_num,yc09,BELONGS_TO
male_medical_num,yc10,BELONGS_TO
female_medical_num,yc09,BELONGS_TO
female_medical_num,yc10,BELONGS_TO
male_medical_cost,yc09,BELONGS_TO
female_medical_cost,yc09,BELONGS_TO
peo_medical_num,yc09,BELONGS_TO
male_medical_avg_cost,yc10,BELONGS_TO
female_medical_avg_cost,yc10,BELONGS_TO
sex_medical_num_rate_low,yc11,BELONGS_TO
variable,yc12,BELONGS_TO
region_level,yc13,BELONGS_TO
REGION_CODE,yc13,BELONGS_TO
whole_num,yc14,BELONGS_TO
first_percent,yc14,BELONGS_TO
second_percent,yc14,BELONGS_TO
third_up_percent,yc14,BELONGS_TO
insured_num,yc15,BELONGS_TO
new_num,yc15,BELONGS_TO
new_num,yc39,BELONGS_TO
continu_num,yc15,BELONGS_TO
index,yc16,BELONGS_TO
index,yc41,BELONGS_TO
breaks,yc16,BELONGS_TO
breaks,yc41,BELONGS_TO
breaks,ym87,BELONGS_TO
num_i,yc17,BELONGS_TO
num_k,yc17,BELONGS_TO
num_l,yc17,BELONGS_TO
num_j,yc17,BELONGS_TO
rate,yc18,BELONGS_TO
injury_num,yc18,BELONGS_TO
scale,yc21,BELONGS_TO
AAE140,yc22,BELONGS_TO
isclose,yc23,BELONGS_TO
isclose,yc24,BELONGS_TO
span,yc23,BELONGS_TO
span,yc24,BELONGS_TO
span,yc25,BELONGS_TO
span,yc26,BELONGS_TO
aac066,yc27,BELONGS_TO
money_mean,yc28,BELONGS_TO
month_num,yc30,BELONGS_TO
aja005,yc31,BELONGS_TO
aab024,yc32,BELONGS_TO
aab024,yc36,BELONGS_TO
enjoyed_num,yc32,BELONGS_TO
approve_month,yc32,BELONGS_TO
blc040,yc36,BELONGS_TO
male_money,yc37,BELONGS_TO
procreatenum,yc38,BELONGS_TO
total_num,yc39,BELONGS_TO
mean_money,yc39,BELONGS_TO
years,yc40,BELONGS_TO
aka078,yc42,BELONGS_TO
aka078,yfd11,BELONGS_TO
aaz149,yc43,BELONGS_TO
aaz149,yc44,BELONGS_TO
aaz149,yc45,BELONGS_TO
aaz149,yc46,BELONGS_TO
clic_type,yc43,BELONGS_TO
aac084,yc46,BELONGS_TO
xcsp_risk_control_number,yc76,BELONGS_TO
aae002,yc76,BELONGS_TO
aae002,yfd07,BELONGS_TO
gen_time,yc76,BELONGS_TO
money,yc76,BELONGS_TO
yik_risk_control_number,yc76,BELONGS_TO
SDAY,yd001,BELONGS_TO
SDAY,yd002,BELONGS_TO
SDAY,yfd04,BELONGS_TO
SDAY,yfd05,BELONGS_TO
SDAY,yfd06,BELONGS_TO
SDAY,yfd07,BELONGS_TO
SDAY,ym09,BELONGS_TO
SDAY,ym40,BELONGS_TO
SDAY,ym55,BELONGS_TO
SDAY,ymd01,BELONGS_TO
AKA078,yd001,BELONGS_TO
CKB105,yd001,BELONGS_TO
MEDNAME,yd002,BELONGS_TO
MEDNUM,yd002,BELONGS_TO
peonum,yf01,BELONGS_TO
peonum,yf02,BELONGS_TO
peonum,yf03,BELONGS_TO
peonum,yfd02,BELONGS_TO
peonum,yfd03,BELONGS_TO
peonum,yfd04,BELONGS_TO
fundpay,yf01,BELONGS_TO
fundpay,yf02,BELONGS_TO
fundpay,yf03,BELONGS_TO
aaa103,yf02,BELONGS_TO
aaa103,yf03,BELONGS_TO
bae041,yf03,BELONGS_TO
bae041,yfd03,BELONGS_TO
bae041,yfd04,BELONGS_TO
bae041,yfd11,BELONGS_TO
company_payment,yfd01,BELONGS_TO
individual_payment,yfd01,BELONGS_TO
finance_payment,yfd01,BELONGS_TO
SHOUR,yfd05,BELONGS_TO
SHOUR,yfd06,BELONGS_TO
SMINUTE,yfd05,BELONGS_TO
SMINUTE,yfd06,BELONGS_TO
event_num,yfd05,BELONGS_TO
total_pay,yfd05,BELONGS_TO
total_fund_pay,yfd05,BELONGS_TO
total_peonum,yfd05,BELONGS_TO
cka009,yfd06_attr_01,BELONGS_TO
fae011,yfd06_attr_01,BELONGS_TO
fae011,yfd07_attr_01,BELONGS_TO
stype,yfd07,BELONGS_TO
idcolname,yfd07,BELONGS_TO
event_id,yfd07,BELONGS_TO
object_type,yfd07,BELONGS_TO
object_id,yfd07,BELONGS_TO
object_num,yfd07,BELONGS_TO
object_name,yfd07,BELONGS_TO
stime,yfd07,BELONGS_TO
fund,yfd07,BELONGS_TO
fund,ym37,BELONGS_TO
aae180,yfd07,BELONGS_TO
istagged,yfd07,BELONGS_TO
aae003,yfd07,BELONGS_TO
event_label,yfd07,BELONGS_TO
fae020,yfd07_attr_01,BELONGS_TO
s_qtail_90,yfd10,BELONGS_TO
s_qtail_90,yfd11,BELONGS_TO
s_qtail_80,yfd10,BELONGS_TO
s_qtail_80,yfd11,BELONGS_TO
s_qtail_70,yfd10,BELONGS_TO
s_qtail_70,yfd11,BELONGS_TO
s_qtail_60,yfd10,BELONGS_TO
s_qtail_60,yfd11,BELONGS_TO
s_qtail_50,yfd10,BELONGS_TO
s_qtail_50,yfd11,BELONGS_TO
s_qtail_40,yfd10,BELONGS_TO
s_qtail_40,yfd11,BELONGS_TO
s_qtail_30,yfd10,BELONGS_TO
s_qtail_30,yfd11,BELONGS_TO
s_qtail_20,yfd10,BELONGS_TO
s_qtail_20,yfd11,BELONGS_TO
cad034,yfd11,BELONGS_TO
cke363,yfd11,BELONGS_TO
DIE008,yi01,BELONGS_TO
DIE013,yi01,BELONGS_TO
DIE001,yi01,BELONGS_TO
DIE002,yi01,BELONGS_TO
DIE003,yi01,BELONGS_TO
DIE004,yi01,BELONGS_TO
groups,yi02,BELONGS_TO
groups,yi03,BELONGS_TO
groups,yi04,BELONGS_TO
groups,yi05,BELONGS_TO
num_income,yi06,BELONGS_TO
income,yi06,BELONGS_TO
num_outcome,yi06,BELONGS_TO
real_pred_rate,yi07,BELONGS_TO
ITEMID,ym01,BELONGS_TO
ITEMID,ym02,BELONGS_TO
DEPARTMENT,ym01,BELONGS_TO
DEPARTMENT,ym02,BELONGS_TO
yearf_value,ym01,BELONGS_TO
yearf_value_up,ym01,BELONGS_TO
yearf_value_low,ym01,BELONGS_TO
adj_yearf_value,ym01,BELONGS_TO
adj_yearf_value_up,ym01,BELONGS_TO
monf_value,ym02,BELONGS_TO
monf_value_up,ym02,BELONGS_TO
clinic_type,ym04,BELONGS_TO
clinic_number,ym04,BELONGS_TO
clinic_number,ym05,BELONGS_TO
clinic_number,ym52,BELONGS_TO
clinic_level,ym05,BELONGS_TO
keep_number,ym06,BELONGS_TO
start_number,ym06,BELONGS_TO
chain_drugstore_name,ym08,BELONGS_TO
chain_drugstore_name,ym52,BELONGS_TO
chain_drugstore_name,ym54,BELONGS_TO
time_week,ym10,BELONGS_TO
time_week,ym28,BELONGS_TO
time_week,ym57,BELONGS_TO
time_hour,ym10,BELONGS_TO
time_hour,ym11,BELONGS_TO
time_hour,ym56,BELONGS_TO
time_season,ym11,BELONGS_TO
hos_id,ym12,BELONGS_TO
hos_id,ym13,BELONGS_TO
hos_id,ym14,BELONGS_TO
hos_id,ym15,BELONGS_TO
hos_id,ym16,BELONGS_TO
hos_id,ym17,BELONGS_TO
hos_id,ym18,BELONGS_TO
hos_id,ym19,BELONGS_TO
hos_id,ym20,BELONGS_TO
hos_id,ym21,BELONGS_TO
hos_id,ym22,BELONGS_TO
hos_id,ym23,BELONGS_TO
hos_id,ym26,BELONGS_TO
hos_id,ym27,BELONGS_TO
hos_id,ym29,BELONGS_TO
hos_id,ym30,BELONGS_TO
hos_id,ym31,BELONGS_TO
hos_id,ym32,BELONGS_TO
hos_id,ym33,BELONGS_TO
hos_id,ym34,BELONGS_TO
hos_id,ym35,BELONGS_TO
hos_id,ym36,BELONGS_TO
hos_id,ym38,BELONGS_TO
hos_id,ym39,BELONGS_TO
hos_id,ym40,BELONGS_TO
hos_id,ym42,BELONGS_TO
hos_id,ym43,BELONGS_TO
hos_id,ym44,BELONGS_TO
hos_id,ym45,BELONGS_TO
hos_id,ym46,BELONGS_TO
hos_id,ym47,BELONGS_TO
hos_id,ym48,BELONGS_TO
hos_id,ym51,BELONGS_TO
hos_id,ym54,BELONGS_TO
hos_id,ym58,BELONGS_TO
hos_id,ym63,BELONGS_TO
hos_id,ym64,BELONGS_TO
hos_id,ym65,BELONGS_TO
hos_id,ym66,BELONGS_TO
hos_id,ym71,BELONGS_TO
hos_id,ym75,BELONGS_TO
hos_id,ym77,BELONGS_TO
hos_id,ym78,BELONGS_TO
hos_id,ym81,BELONGS_TO
hos_id,ym82,BELONGS_TO
hos_id,ym83,BELONGS_TO
hos_id,ym84,BELONGS_TO
hos_id,ym85,BELONGS_TO
hos_id,ym86,BELONGS_TO
hos_id,ym87,BELONGS_TO
hos_licensed_doctor,ym12,BELONGS_TO
hos_licensed_doctor,ym42,BELONGS_TO
hos_licensed_pharmacist,ym12,BELONGS_TO
hos_licensed_pharmacist,ym42,BELONGS_TO
hos_licensed_nurse,ym12,BELONGS_TO
hos_licensed_nurse,ym42,BELONGS_TO
hos_pharmacist,ym12,BELONGS_TO
hos_pharmacist,ym42,BELONGS_TO
personnel_structure_score,ym13,BELONGS_TO
fixed_point_score,ym13,BELONGS_TO
business_hours_score,ym13,BELONGS_TO
customer_condition_score,ym13,BELONGS_TO
drugs_condition_socre,ym13,BELONGS_TO
chain_label,ym13,BELONGS_TO
patient_age,ym14,BELONGS_TO
patient_age,ym43,BELONGS_TO
retirement_station,ym16,BELONGS_TO
retirement_station,ym45,BELONGS_TO
household_registration,ym17,BELONGS_TO
household_registration,ym46,BELONGS_TO
hour,ym18,BELONGS_TO
weekend_passengers,ym18,BELONGS_TO
special_disease_id,ym19,BELONGS_TO
special_disease_id,ym25,BELONGS_TO
peo_time,ym19,BELONGS_TO
peo_time,ym52,BELONGS_TO
peo_time,ym59,BELONGS_TO
peo_time,ym60,BELONGS_TO
peo_time,ym61,BELONGS_TO
peo_time,ym62,BELONGS_TO
peo_time,ym67,BELONGS_TO
peo_time,ym80,BELONGS_TO
peo_time,ym81,BELONGS_TO
sum_cost,ym19,BELONGS_TO
sum_time,ym20,BELONGS_TO
avg_cost,ym20,BELONGS_TO
avg_cost,ym32,BELONGS_TO
avg_cost,ym59,BELONGS_TO
all_cost,ym20,BELONGS_TO
all_cost,ym22,BELONGS_TO
all_cost,ym26,BELONGS_TO
all_cost,ym32,BELONGS_TO
all_cost,ym59,BELONGS_TO
all_cost,ym60,BELONGS_TO
all_cost,ym61,BELONGS_TO
fund_cost,ym20,BELONGS_TO
fund_cost,ym26,BELONGS_TO
fund_cost,ym59,BELONGS_TO
fund_ratio,ym20,BELONGS_TO
fund_ratio,ym26,BELONGS_TO
fund_ratio,ym59,BELONGS_TO
share_ratio,ym20,BELONGS_TO
avg_drug_times,ym20,BELONGS_TO
avg_drug_times,ym59,BELONGS_TO
avg_drug_cost,ym20,BELONGS_TO
repeat_ratio,ym20,BELONGS_TO
drug_type,ym21,BELONGS_TO
drug_type,ym83,BELONGS_TO
type_times,ym21,BELONGS_TO
drug_name,ym22,BELONGS_TO
drug_name,ym38,BELONGS_TO
drug_name,ym60,BELONGS_TO
personnel_number,ym23,BELONGS_TO
personnel_number,ym39,BELONGS_TO
hos_level,ym24,BELONGS_TO
hos_level,ym35,BELONGS_TO
hos_number,ym24,BELONGS_TO
hos_number,ym69,BELONGS_TO
hos_number,ym70,BELONGS_TO
hos_name,ym25,BELONGS_TO
hos_name,ym54,BELONGS_TO
ranking_frequency,ym25,BELONGS_TO
all_time_ghjs,ym26,BELONGS_TO
all_time_gh,ym26,BELONGS_TO
all_time_js,ym26,BELONGS_TO
cash_cost,ym26,BELONGS_TO
avg_cost_ghjs,ym26,BELONGS_TO
avg_cost_gh,ym26,BELONGS_TO
avg_cost_js,ym26,BELONGS_TO
res_class,ym27,BELONGS_TO
res_class,ym34,BELONGS_TO
res_class,ym73,BELONGS_TO
cost_medican,ym27,BELONGS_TO
cost_medican,ym73,BELONGS_TO
cost_material,ym27,BELONGS_TO
cost_material,ym73,BELONGS_TO
cost_operation,ym27,BELONGS_TO
cost_operation,ym73,BELONGS_TO
cost_inspection,ym27,BELONGS_TO
cost_inspection,ym73,BELONGS_TO
cost_treat,ym27,BELONGS_TO
cost_treat,ym73,BELONGS_TO
cost_bed,ym27,BELONGS_TO
cost_bed,ym73,BELONGS_TO
cost_other,ym27,BELONGS_TO
avg_cost_medican,ym27,BELONGS_TO
avg_cost_material,ym27,BELONGS_TO
avg_cost_operation,ym27,BELONGS_TO
avg_cost_inspection,ym27,BELONGS_TO
avg_cost_treat,ym27,BELONGS_TO
avg_cost_bed,ym27,BELONGS_TO
avg_cost_other,ym27,BELONGS_TO
weekday,ym28,BELONGS_TO
outpatient_time,ym28,BELONGS_TO
emergency_time,ym28,BELONGS_TO
len_visit,ym29,BELONGS_TO
keshi_name,ym31,BELONGS_TO
keshi_name,ym75,BELONGS_TO
all_peotime,ym32,BELONGS_TO
avg_hosday,ym32,BELONGS_TO
often_ratio,ym32,BELONGS_TO
frequency_group,ym33,BELONGS_TO
ratio_medican,ym34,BELONGS_TO
ratio_material,ym34,BELONGS_TO
ratio_operation,ym34,BELONGS_TO
ratio_inspection,ym34,BELONGS_TO
ratio_treat,ym34,BELONGS_TO
ratio_bed,ym34,BELONGS_TO
index_name,ym35,BELONGS_TO
hosday,ym36,BELONGS_TO
peo,ym36,BELONGS_TO
peo,ym37,BELONGS_TO
DKB116,ym37,BELONGS_TO
DKB116,ym88,BELONGS_TO
peotime,ym37,BELONGS_TO
DKB119,ym37,BELONGS_TO
all_time,ym38,BELONGS_TO
all_time,ym55,BELONGS_TO
CKE103,ym41,BELONGS_TO
hos_other,ym42,BELONGS_TO
public_percentage,ym49,BELONGS_TO
non_Profit_percentage,ym49,BELONGS_TO
qualification_type,ym50,BELONGS_TO
qualification_type,ym63,BELONGS_TO
qualification_type,ym71,BELONGS_TO
num_percentage,ym53,BELONGS_TO
situational_time,ym54,BELONGS_TO
all_staff,ym54,BELONGS_TO
position,ym54,BELONGS_TO
position,yr15,BELONGS_TO
position,yr16,BELONGS_TO
position,yr31,BELONGS_TO
qualifying_points_num,ym58,BELONGS_TO
aaz231,ym60,BELONGS_TO
major_drug_type,ym62,BELONGS_TO
special_disease_ratio,ym64,BELONGS_TO
special_amount_ratio,ym64,BELONGS_TO
group_census_register,ym65,BELONGS_TO
group_census_register,ym77,BELONGS_TO
combination,ym67,BELONGS_TO
combination,ym80,BELONGS_TO
combination,ym81,BELONGS_TO
antecedent,ym68,BELONGS_TO
antecedent,ym79,BELONGS_TO
antecedent,ym82,BELONGS_TO
confidence,ym68,BELONGS_TO
confidence,ym79,BELONGS_TO
confidence,ym82,BELONGS_TO
hos_nature,ym69,BELONGS_TO
business_nature,ym70,BELONGS_TO
qualification_label,ym71,BELONGS_TO
aaz107,ym76,BELONGS_TO
west_type,ym83,BELONGS_TO
west_cost,ym83,BELONGS_TO
west_avg,ym83,BELONGS_TO
patent_type,ym83,BELONGS_TO
patent_cost,ym83,BELONGS_TO
patent_avg,ym83,BELONGS_TO
herbal_type,ym83,BELONGS_TO
fee_group,ym87,BELONGS_TO
FREQ,ym88,BELONGS_TO
DKB021,ym88,BELONGS_TO
AKB022,ym88,BELONGS_TO
AKB022,ymd01,BELONGS_TO
DKB117,ym88,BELONGS_TO
DKB118,ym88,BELONGS_TO
AAA103,ymd01,BELONGS_TO
num_worker,yr01,BELONGS_TO
num_flexible_employment,yr01,BELONGS_TO
num_regular,yr01,BELONGS_TO
num_retire_man,yr01,BELONGS_TO
num_lose_land,yr01,BELONGS_TO
num_resident_pension,yr01,BELONGS_TO
num_worker_add,yr02,BELONGS_TO
num_worker_reduce,yr02,BELONGS_TO
num_worker_abs,yr02,BELONGS_TO
aab019,yr04,BELONGS_TO
num_comps,yr05,BELONGS_TO
num_comp_normal,yr05,BELONGS_TO
num_ord_comp_normal,yr05,BELONGS_TO
num_ind_comp_normal,yr05,BELONGS_TO
num_comp_stop,yr05,BELONGS_TO
num_ord_comp_stop,yr05,BELONGS_TO
aab051,yr06,BELONGS_TO
num_insured_comp,yr07,BELONGS_TO
num_insured_comp,yr10,BELONGS_TO
num_insured_worker,yr08,BELONGS_TO
num_ind_comp,yr09,BELONGS_TO
num_insured_peo,yr11,BELONGS_TO
street_indus_num,yr12,BELONGS_TO
num_arrears_comp,yr13,BELONGS_TO
age_cate,yr20,BELONGS_TO
age_cate,yr30,BELONGS_TO
age_cate,yr37,BELONGS_TO
mean,yr33,BELONGS_TO
mean,yr34,BELONGS_TO
receive,yr36,BELONGS_TO
RAA001,yra01,BELONGS_TO
RAA001,yra02,BELONGS_TO
RAA002,yra01,BELONGS_TO
RAA003,yra01,BELONGS_TO
RAA004,yra01,BELONGS_TO
RAA005,yra01,BELONGS_TO
RAA006,yra01,BELONGS_TO
RAA007,yra01,BELONGS_TO
RAA008,yra01,BELONGS_TO
RAA009,yra01,BELONGS_TO
RAA010,yra01,BELONGS_TO
RAA011,yra01,BELONGS_TO
RAA012,yra01,BELONGS_TO
RAA014,yra02,BELONGS_TO
RAA015,yra02,BELONGS_TO
RAA016,yra02,BELONGS_TO
RAA026,yra02,BELONGS_TO
RAA017,yra02_attr_01,BELONGS_TO
RAA018,yra02_attr_01,BELONGS_TO
